filename,smiles
16220300001_H7.0,COCc1c(Br)c(O)c(O)c(Br)c1Br
16220300002_G6.0,COc1cc2ccnc3c2c(c1OC)NC=C3
16220300002_G7.0,O=C(O)/C=C/c1ccccc1
16220300012_A4.0,O=C1C=C(c2ccc(O)cc2)[C@]2(O1)O[C@]1(OC(=O)C=C1c1ccc(O)c(Br)c1)C(c1ccc(O)cc1)=C2c1ccc(O)cc1
16220300012_A8.0,CSC1=C(SC)C(=O)c2cn(C)c(=O)cc2C1=O
16220300012_C2.0,CSC1(CO)C(=O)N2C3C(=CC=CC3O)CC2(SC)C(=O)N1C
16220300013_G7.0,C/C1=C\[C@H](C)C[C@H](C)OC(=O)C[C@H](c2ccc(O)cc2)NC(=O)[C@@H](Cc2c(Br)[nH]c3ccccc23)N(C)C(=O)[C@H](C)NC(=O)[C@@H](C)C1
1-Dehydrocrinemodin bianthrone .0,C/C=C/c1cc(O)c2c(c1)[C@H]([C@@H]1c3cc(O)cc(O)c3C(=O)c3c(O)cc(CCC)cc31)c1cc(O)cc(O)c1C2=O
1-Hydroxycrinemodin bianthrone.0,CCCc1cc(O)c2c(c1)[C@H]([C@@H]1c3cc(O)cc(O)c3C(=O)c3c(O)cc([C@@H](O)CC)cc31)c1cc(O)cc(O)c1C2=O
5-Hydroxyflavone 491-78-1.0,O=c1cc(-c2ccccc2)oc2cccc(O)c12
Apigenin 520-36-5.0,O=c1cc(-c2ccc(O)cc2)oc2cc(O)cc(O)c12
Bicalein 491-67-8.0,O=c1cc(-c2ccccc2)oc2cc(O)c(O)c(O)c12
Crinemodin bianthrone .0,CCCc1cc(O)c2c(c1)[C@H]([C@@H]1c3cc(O)cc(O)c3C(=O)c3c(O)cc(CCC)cc31)c1cc(O)cc(O)c1C2=O
Ellagic acid 476-66-4.0,O=c1oc2c(O)c(O)cc3c(=O)oc4c(O)c(O)cc1c4c23
Etoposide 33419-42-0.0,COc1cc([C@@H]2c3cc4c(cc3[C@@H](O[C@@H]3O[C@@H]5CO[C@@H](C)O[C@H]5[C@H](O)[C@H]3O)[C@H]3COC(=O)[C@H]23)OCO4)cc(OC)c1O
Eupatorin 855-96-9.0,COc1ccc(-c2cc(=O)c3c(O)c(OC)c(OC)cc3o2)cc1O
Flavanone 487-26-3.0,O=C1CC(c2ccccc2)Oc2ccccc21
Flavone 525-82-6.0,O=c1cc(-c2ccccc2)oc2ccccc12
Genistein 446-72-0.0,O=c1c(-c2ccc(O)cc2)coc2cc(O)cc(O)c12
Gossypetin 489-35-0.0,O=c1c(O)c(-c2ccc(O)c(O)c2)oc2c(O)c(O)cc(O)c12
Hesperetin 520-33-2.0,COc1ccc([C@@H]2CC(=O)c3c(O)cc(O)cc3O2)cc1O
Hesperidin 520-26-3.0,COc1ccc([C@@H]2CC(=O)c3c(O)cc(O[C@@H]4O[C@H](CO[C@@H]5O[C@@H](C)[C@H](O)[C@@H](O)[C@H]5O)[C@@H](O)[C@H](O)[C@H]4O)cc3O2)cc1O
Isorhamnetin 480-19-3.0,COc1cc(-c2oc3cc(O)cc(O)c3c(=O)c2O)ccc1O
Luteolin 491-70-3.0,O=c1cc(-c2ccc(O)c(O)c2)oc2cc(O)cc(O)c12
Minalemine G.0,CCCCCCCCCCCC(CC(=O)NCCCCCNC(N)=[NH2+])[NH2+]CC(=O)NCCCCCNC(N)=[NH2+].O=C([O-])C(F)(F)F.O=C([O-])C(F)(F)F.O=C([O-])C(F)(F)F
Minalemine H.0,CCCCCCCCCC(CC(=O)NCCc1ccc(O)cc1)N(C)CC(=O)NCCCCCNC(=N)N
MTP_1_B3.0,CC1(C)CC(C23CCC(Cl)(CO)C(O)C2O3)CCC1Br
MTP_1_C10.0,O=C1CC[C]2c3cc4c(OS(=O)(=O)O)ccc(O)c4cc3C(=O)c3occ1c32
MTP_1_C11.0,CCc1cc(=O)oc2c3c(c4c(c12)OC(C)(C)C=C4)O[C@H](C)[C@@H](C)[C@@H]3O
MTP_1_C12.0,CCc1cc(=O)oc2c3c(c4c(c12)OC(C)(C)C=C4)O[C@@H](C)[C@H](C)[C@@H]3F
MTP_1_C4.0,CC1(C)CC[C@]2(C(=O)O)CC=C3[C@]4(C)CCC5C(C)(C)[C@@H](OC(=O)c6ccccc6)[C@H](O)C[C@]5(C)C4CC[C@@]3(C)C2C1
MTP_1_C6.0,CC(C)=CCC/C(C)=C\Cc1c(O)cc(O)c2c(=O)c(O)c(-c3ccc(O)cc3)oc12
MTP_1_D12.0,CCCCCCCCCCCCCCCCc1cc(O)ccc1O
MTP_1_D3.0,COC(=O)/C(C)=C/COc1ccc2c(OC)c3ccoc3nc2c1
MTP_1_D7.0,C=CC(C)(CC/C=C(/CO)C(=O)OC1CC2(C(=O)OC3OC(CO)C(O)C(O)C3OC3OC(C)C(OC4OC(CO)C(O)C4O)C(OC4OC(CO)C(O)C(O)C4O)C3O)C(O)CC3(C)C(=CCC4C5(C)CCC(OC6OC(COC7OC(C)C(O)C(O)C7OC7OCC(O)C(O)C7O)C(O)C(O)C6NC(C)=O)C(C)(C)C5CCC43C)C2CC1(C)C)OC1OC(C)C(O)C(O)C1O
MTP_1_F3.0,COc1cc2c(cc1O)CCN[C@@H]2C[C@H]1C[C@H]2c3cc(OC)c(OC)cc3CCN2C[C@@H]1C
MTP_1_G12.0,CC(C)=CCc1c(O)c(CC=C(C)C)c2oc3c(O)cccc3c(=O)c2c1O
MTP_1_G2.0,CC1(C)CC(c2ccc(CO)cc2)CCC1Br
MTP_1_G5.0,C=C1C(=O)O[C@H]2C=C(C)CC/C=C(/C(=O)O)CCC=CCC[C@@H]12
MTP_1_G6.0,C=CC(C)(O)CC/C=C(/C)C(=O)OC1C(C)OC(OC(C)(C=C)CC/C=C(/CO)C(=O)OC2CC3(C(=O)OC4OC(CO)C(O)C(O)C4OC4OC(C)C(OC5OC(CO)C(O)C5O)C(OC5OC(CO)C(O)C(O)C5O)C4O)C(O)CC4(C)C(=CCC5C6(C)CCC(OC7OC(COC8OC(C)C(O)C(O)C8OC8OCC(O)C(O)C8O)C(O)C(O)C7NC(C)=O)C(C)(C)C6CCC54C)C3CC2(C)C)C(O)C1O
MTP_1_G8.0,COc1ccc(-c2cc(=O)c3c(O)c(OC)c(O)cc3o2)cc1
MTP_1_H10.0,CC1(C)C=Cc2c(O)c(C(=O)c3ccccc3)c3oc(=O)cc(-c4ccccc4)c3c2O1
MTP_1_H11.0,CCCc1cc(=O)oc2c3c(c4c(c12)OC(C)(C)C=C4)OC(C)(C)CC3O
MTP_1_H2.0,CC1(C)CC(C2(Cl)CCC(O)(CO)C3OC32)CCC1Br
MTP_1_H3.0,COc1c(O)cc2oc(-c3ccc(O)cc3)c(OC)c(=O)c2c1O
MTP_1_H4.0,CC(C)(O)/C=C/C(=O)C(C)(O)C1C(O)CC2(C)C3CC=C4C(C=C(O)C(=O)C4(C)C)C3(C)C(=O)CC12C
MTP_10_A8.0,CC(C)=CCc1c(O)ccc(C(=O)/C=C/c2ccccc2)c1O
MTP_10_A9.0,COc1cc(O)c(C(=O)CCc2ccccc2)c(O)c1
MTP_10_B4.0,COC1=C(Br)[C@H](O)[C@@]2(C=C1Br)CC(C(=O)NCCc1cnc[nH]1)=NO2
MTP_10_B7.0,CC(=O)Oc1ccc(-c2coc3c4c(c(CC=C(C)C)c(OC(C)=O)c3c2=O)OC(C)(C)C=C4)cc1OC(C)=O
MTP_10_C10.0,CCC(O)c1cc(O)c2c(c1)C(=O)c1cc(O)cc(O)c1C2=O
MTP_10_C12.0,CCCc1cc(O)c2c(c1)C(=O)c1cc(O)cc(O)c1C2=O
MTP_10_C2.0,CCC(C)C1NC(=O)c2csc(n2)C(C(C)C)NC(=O)C2N=C(OC2C)C(C(C)CC)NC(=O)c2csc(n2)C(C(C)C)NC(=O)C2COC1=N2
MTP_10_C3.0,CCC(C)[C@@H]1NC(=O)c2csc(n2)[C@@H](C)NC(=O)[C@H]2N=C(O[C@@H]2C)[C@H](CC(C)C)NC(=O)c2csc(n2)[C@@H](Cc2ccccc2)NC(=O)[C@H]2N=C1O[C@@H]2C
MTP_10_D11.0,CCCc1cc(=O)oc2c3c(c4c(c12)OC(C)(C)CC4)O[C@@H](C)[C@H](C)C3=O
MTP_10_D2.0,COC1O[C@@H](C2=CC(=O)OC2O)CC=C1CC/C=C(\C)CCC1C(C)=CCCC1(C)C
MTP_10_E2.0,CCCc1cc(=O)oc2c3c(c4c(c12)OC(C)(C)C=C4)O[C@H](C)[C@H](C)[C@@H]3O
MTP_10_F12.0,CCCC1CC(=O)Oc2c(C(=O)C(C)C(C)O)c(O)c3c(c21)OC(C)(C)C=C3
MTP_10_F2.0,C/C=C1\C(=O)C[C@H]2[C@@H]3CC=C4[C@@H](O)[C@@H](O)CC[C@]4(C)[C@H]3CC[C@]12C
MTP_10_G11.0,O=C1/C(=c2\c3ccccc3n3c(=O)c4ccccc4nc23)Nc2ccccc21
MTP_10_G12.0,CC(C)=CC=C[C@H](C)[C@H]1CC[C@]2(C)C[C@H]3[C@@H](C(=O)C[C@@]3(C)O)C(C=O)=CC[C@@H]12
MTP_10_G2.0,CC1CC(=O)Oc2c(C(=O)C(C)C(C)O)c(O)c3c(c21)OC(C)(C)C=C3
MTP_10_G4.0,C/C=C(\C)C(=O)c1c(OC)c2c(c3c(-c4ccccc4)cc(=O)oc13)OC(C)(C)C=C2
MTP_10_G8.0,COC(=O)[C@]1(Cc2ccc(O)c(CC=C(C)C)c2)OC(=O)C(O)=C1c1ccc(O)cc1
MTP_10_G9.0,O=C1c2ccccc2-n2c1nc1ccccc1c2=O
MTP_10_H2.0,CC(C)=CC=C[C@H](C)[C@H]1CC[C@]2(C)C[C@H]3[C@H](C(=O)C[C@@]3(C)O)C(C=O)=CC[C@@H]12
MTP_11_A10.0,CCCCCCCCCC(C)=CC(=O)NCCc1ccc(OC)c(O)c1
MTP_11_A6.0,CCCC[C@@H]1C(=O)C(C)=C(C)[C@]12CCC(=O)O2
MTP_11_A9.0,CCCCCCCCCC(C)=CC(=O)NCCc1ccc(O)cc1
MTP_11_C11.0,COc1cc(/C=C/CO)cc(OC)c1OC1OC(CO)C(O)C(O)C1O
MTP_11_C12.0,C[C@@H]1CC[C@]2(C(=O)O)CC[C@]3(C)C(=CCC4[C@@]5(C)CC[C@H](O)[C@@](C)(CO)C5CC[C@]43C)C2[C@]1(C)O
MTP_11_D12.0,CCOC(=O)C1=CN2CC[C@]3(O)c4ccccc4N([C@H]1C)[C@H]23
MTP_11_E7.0,CCCC[C@@H]1C(=O)C(C)=C(C)[C@]1(O)CCC(=O)OCC
MTP_11_F10.0,CC[C@H](O)C#CC#C[C@@H](O)/C=C\CCCCCCCCOC(C)=O
MTP_11_F12.0,C=C[C@H](O)C#CC#C[C@@H](O)/C=C\CCCCCCC
MTP_11_G10.0,N#Cc1c(O)cccc1/C=C(\O)C(=O)N/C=C/c1ccc(O)cc1
MTP_11_G3.0,CO/C(=C\c1ccc(O)cc1)C(=O)N/C=C/c1cc(Br)c(OC)c(Br)c1
MTP_11_G5.0,COC(=Cc1ccc(O)cc1)C(=O)N/C=C/c1ccc(OC)c(Br)c1
MTP_11_G7.0,CO/C(=C\c1ccc(O)cc1)C(=O)N/C=C/c1ccc(OC)cc1
MTP_11_H4.0,CO/C(=C/c1ccc(O)cc1)C(=O)N/C=C/c1ccc(OC)cc1
MTP_12_A2.0,CO/C(=C\c1ccc(OC)cc1)C(=O)N/C=C/c1ccc(OC)cc1
MTP_12_A3.0,COC1=C(Br)[C@H](O)[C@@]2(C=C1Br)CC(C(=O)NCC(O)c1cc(Br)c(OC[C@@H](O)CNC(=O)C3=NO[C@]4(C=C(Br)C(OC)=C(Br)[C@@H]4O)C3)c(Br)c1)=NO2
MTP_12_D11.0,COc1ccc(C2(c3cn(C)c4ccccc34)N=C3N=CC=C4c5ccccc5N=C2N43)cc1
MTP_12_D12.0,O=C(O)c1ccc(C2(O)N=C3N=CC=C4c5ccccc5N=C2N43)cc1
MTP_12_D6.0,COc1ccc(C2(c3c(O)cc(O)cc3O)N=C3N=CC=C4c5ccccc5N=C2N43)cc1
MTP_12_D7.0,COc1ccc(C2(c3[nH]c4ccccc4c3C)N=C3N=CC=C4c5ccccc5N=C2N43)cc1
MTP_12_E4.0,COc1ccc([C@]2(c3[nH]c(N)nc3-c3ccc(O)cc3)N=C3N=CC=C4c5ccccc5N=C2N43)cc1
MTP_12_E5.0,COc1ccc([C@@]2(c3[nH]c(N)nc3-c3ccc(O)cc3)N=C3N=CC=C4c5ccccc5N=C2N43)cc1
MTP_12_E7.0,COc1ccc(C2(O)N=C3N=CC=C4c5ccccc5N=C2N43)cc1.O=C(O)C(F)(F)F
MTP_12_F11.0,NC(=O)C[C@@H]1NC(=O)[C@H](Cc2c[nH]c3ccccc23)NC1=O
MTP_12_F12.0,Nc1ncnc2c1ncn2[C@@H]1O[C@H](CO)[C@@H](O)[C@H]1O
MTP_12_F4.0,C=C1C[C@H]2CCC[C@H](O)C[C@@H](c3coc(/C=C(/C)[C@@H](C)OC)n3)OC(=O)[C@@H](C)C[C@H](C)[C@@H](OP(=O)(O)O)C[C@@H](C1)O2
MTP_12_F8.0,COc1cc(/C=C/C(N)=O)ccc1O
MTP_12_G12.0,C=C(C)C1Cc2c(oc3c4c(cc(O)c3c2=O)OC(C)(C)C=C4)-c2c(O)cc(O)c(O)c21
MTP_12_G2.0,NC(=O)/C=C/c1ccc(O)c(O)c1
MTP_12_H10.0,COc1cc2c(ccc3cc(O)c(OC)c(OC)c32)cc1O
MTP_12_H11.0,C=CC(=C)CC[C@@]1(C)[C@@H](C)C[C@@H](O)C23C(=C[C@@H](OC(=O)C(C)CC)C[C@@H]21)[C@H](OC(C)=O)O[C@@H]3OC(C)=O
MTP_12_H12.0,CC(C)[C@@H]1OC(=O)[C@@H](Cc2ccccc2)N(C)C(=O)[C@H](C(C)C)OC(=O)[C@@H](Cc2ccccc2)N(C)C(=O)[C@H](C(C)C)OC(=O)[C@@H](Cc2ccccc2)N(C)C1=O
MTP_12_H3.0,NC(=O)c1c[nH]c2ccccc12
MTP_12_H9.0,COC(=O)C1=COC(OC2OC(CO)C(O)C(O)C2O)C2C(CO)=CCC12
MTP_13_B2.0,CC(=O)NC(C)(C)C(=O)NCC(=O)NC(Cc1ccccc1)C(=O)NC(C)(C)C(=O)NC(C)(C)C(=O)NC(CCC(N)=O)C(=O)NC(C)(C)C(=O)NC(C)(C)C(=O)NC(C)(C)C(=O)NC(CO)C(=O)NC(CC(C)C)C(=O)NC(C)(C)C(=O)N1CCCC1C(=O)NC(C(=O)NC(C)(C)C(=O)NC(C)(C)C(=O)NC(CCC(N)=O)C(=O)NC(CCC(N)=O)C(=O)NC(CO)CC(C)C)C(C)C
MTP_13_B3.0,CCC(C)(NC(=O)C(C)(C)NC(=O)C(NC(=O)C1CCCN1C(=O)C(C)(C)NC(=O)C(CC(C)C)NC(=O)C(CO)NC(=O)C(C)(C)NC(=O)C(C)(C)NC(=O)C(C)(C)NC(=O)C(CCC(N)=O)NC(=O)C(C)(C)NC(=O)C(C)(C)NC(=O)C(Cc1ccccc1)NC(=O)CNC(=O)C(C)(C)NC(C)=O)C(C)C)C(=O)NC(CCC(N)=O)C(=O)NC(CCC(N)=O)C(=O)NC(CO)CC(C)C
MTP_13_C11.0,Cc1oc(=O)ccc1CC[C@H](C)O
MTP_13_D12.0,COC(=O)c1cccc2oc3cc(C)cc(O)c3c(=O)c12
MTP_13_E10.0,CC(C)C1=C2C=C(C(=O)O)CC[C@@H]2[C@H](C)CC1=O
MTP_13_E8.0,Cc1cc2c(C=O)ccc(O)c2o1
MTP_13_F10.0,CC(=CCC[C@]1(C)CC[C@@H]([C@@H](C)C(=O)O)OO1)CCC1=C(C)CCCC1(C)C
MTP_13_F11.0,CC(=CCC[C@@]1(C)CC[C@H]([C@@H](C)C(=O)O)OO1)CCC1=C(C)CCCC1(C)C
MTP_13_F6.0,CC(C)=CCC/C(C)=C/CC/C(C)=C/CCC(C)=CCC/C(C)=C/CC/C(C)=C/CC/C(C)=C/Cc1cc(O)ccc1O
MTP_14_D10.0,Nc1nc2c([nH]1)c1c3ccccc3[nH]c1c1c3ccccc3[nH]c21
MTP_14_D5.0,CC(=O)OC1=C(C)C(=O)C(O)=C(CCCCCCCCCCCCCCCC2=C(OC(C)=O)C(=O)C(C)=C(O)C2=O)C1=O
MTP_14_D7.0,CC(=O)C1=CCC2C3(C)CCC4C(C)(C)CCCC4(CO)C3CC(=O)C2(C)C1C=O
MTP_14_D9.0,O=c1[nH]c2c([nH]1)c1c3ccccc3[nH]c1c1c3ccccc3[nH]c21
MTP_14_E4.0,C=CC(C)(C)c1c2c(c(O)c3c(=O)c4ccc(O)c(O)c4oc13)OC(C)(C)C=C2
MTP_14_E5.0,CC(=O)OC1C2C(CCC3CC(O)CCC32C)C2(O)CCC(C(C)=O)C2(C)C1OC(=O)/C=C/c1ccccc1
MTP_14_F8.0,COC1=C(Br)[C@@H](O)C2(C=C1Br)CC(C(=O)NCCc1cnc(N)[nH]1)=NO2
MTP_14_H6.0,CC(C)CCC[C@@H](C)[C@H]1CC[C@@]2(C)[C@@H]3C[C@H](OS(=O)(=O)O[Na])[C@H]4C[C@H](OS(=O)(=O)O[Na])[C@@H](OS(=O)(=O)O[Na])C[C@]4(C)C3=CC[C@]12C
MTP_15_A11.0,CC[C@H](C)C(=O)Nc1nc2c([nH]1)C(C)c1[nH]c(NC(=O)c3ccccc3)nc1CC2
MTP_15_A12.0,Cc1ccc2nc(N)nc-2c2c1nc(N)n2C
MTP_15_A5.0,C=C1CCC[C@H]2[C@](C)(CC3=C(O)C(=O)C=C(OC)C3=O)[C@@H](C)CC[C@]12C
MTP_15_A6.0,C=C1CCCC2[C@](C)(Cc3cc(C(=O)OC)ccc3O)[C@@H](C)CC[C@]12C
MTP_15_B12.0,CC(=O)O[C@H]1C[C@@]2(C)C(C[C@H]1O)C(=O)C=C1C2CC[C@]2(C)[C@@H]([C@@](C)(O)[C@H](O)CCC(C)(C)O)CC[C@@]12O
MTP_15_B2.0,Cc1c2nc(N)nc-2ccc2nc(N)n(C)c12
MTP_15_B3.0,CNc1nc2ccc(C)c3nc(NC)[nH]c3c-2n1
MTP_15_B5.0,Cc1c2nc(N(C)C)nc-2ccc2nc(N)n(C)c12
MTP_15_B8.0,N=C(N)NC(=O)c1ccccc1
MTP_15_C2.0,N=C(N)NC(=O)/C=C/c1ccccc1
MTP_15_C3.0,CC1c2[nH]c(NC(=O)c3ccccc3)nc2CCc2nc(NC(=O)c3ccccc3)[nH]c21
MTP_15_D5.0,COC(=O)C1=COC(O[C@@H]2O[C@H](CO)[C@@H](O)[C@H](O)[C@H]2O)[C@H]2[C@@H]1C=C[C@@]2(O)CO
MTP_15_E3.0,CC(C)=CCC[C@H](C)[C@H]1CC[C@]2(C)C[C@H]3[C@@H](C(=O)C[C@@]3(C)O)C(C=O)=CC[C@@H]12
MTP_15_E4.0,CCCCCCCCC[C@H]1N=C(N)N2CCCC2=C1C(=O)OCCCCNC(=N)N
MTP_15_E7.0,C=C1CCCC(C)(C)C1CC[C@]1(C)CC[C@H]([C@@H](C)C(=O)O)OO1
MTP_15_F12.0,NCCC[N+](C)(C)CCCC[N+](C)(C)CCCNC(/C=C(C)/CC/C=C(C)/CC/C=C(C)/CC/C=C(C)/C)=O
MTP_15_F6.0,CC(C)=CCc1cc([C@@H]2CC(=O)c3c(O)cc(O)cc3O2)c(CC=C(C)C)c(O)c1O
MTP_15_G11.0,Cn1cc(Br)cc1C(=O)NC[C@H]1Cc2nc(N)[nH]c2[C@@H](c2c[nH]c(N)n2)[C@@H]1CNC(=O)c1cc(Br)c[nH]1
MTP_15_H3.0,Cn1cc(Br)cc1C(=O)NC[C@@H]1[C@@H](CNC(=O)c2ccc(Br)n2C)Cc2nc(N)[nH]c2[C@H]1c1c[nH]c(N)n1
MTP_15_H4.0,Cn1cc(Br)cc1C(=O)NC[C@H]1Cc2nc(N)[nH]c2[C@@H](c2c[nH]c(N)n2)[C@@H]1CNC(=O)c1cc(Br)c(Br)[nH]1
MTP_16_A10.0,C=C(C)C(=O)OC1CC2(C)OC2CC(O)C(C)=CC2OC(=O)C(=C)C21
MTP_16_A11.0,COc1ccc(-c2oc3cc(O)cc(O)c3c(=O)c2O)cc1
MTP_16_A3.0,O=C1c2c(c3ccc(O)cc3c3cc(O)ccc23)C(O)(Cc2ccc(O)cc2)N1CCc1ccc(O)cc1
MTP_16_A6.0,O=C1C(c2ccc(O)cc2)=C(c2ccc(O)cc2)C(O)(Cc2ccc(O)cc2)N1CCc1ccc(O)cc1
MTP_16_A8.0,Oc1ccc(CCn2c(Cc3ccc(O)cc3)c(-c3ccc(O)cc3)c(-c3ccc(O)cc3)c2Cc2ccc(O)cc2)cc1
MTP_16_A9.0,O=C1C=CC2(C=C1)CCN1C(=O)C(c3ccc(O)cc3)=C(c3ccc(O)cc3)C1=C2c1ccc(O)cc1
MTP_16_B12.0,O=c1c(O)c(-c2cc(O)c(O)c(O)c2)oc2cc(O)cc(O)c12
MTP_16_B7.0,C/C=C/C=C/[C@H]1C[C@H](O)CCN1
MTP_16_B9.0,C/C=C1/C2=CCCN3C(=O)O[C@H]([C@H]1O)[C@H]23
MTP_16_C10.0,COc1cc2c(CO)nccc2cc1O
MTP_16_C5.0,CNCCOC(=O)/C=C1\CC[C@H]2[C@@H]([C@@H](O)C(=O)[C@@H]3[C@]2(C)CC[C@H](O)[C@]3(C)C(=O)OC)[C@H]1C
MTP_16_C6.0,CNCCOC(=O)/C=C1\CC[C@H]2[C@@H](C(=O)C[C@@H]3[C@]2(C)CC[C@H](O)[C@]3(C)C(=O)OC)[C@H]1C
MTP_16_D10.0,O=C([O-])c1ccc[n+]([C@H]2O[C@H](COC(=O)c3ccc(O)cc3)[C@@H](O)[C@H]2O)c1
MTP_16_E11.0,Cc1ccc2nc(N(C)C)nc-2c2c1nc(N)n2C
MTP_16_E6.0,CC(C)=CC(=O)Nc1nc2c([nH]1)C(C)c1[nH]c(NC(=O)c3ccccc3)nc1CC2
MTP_16_F10.0,CC(=O)O[C@H]1OC(=O)c2ccc([C@@]3(C)CCCC(C)(C)C3)c(C(C)=O)c21
MTP_16_F12.0,CC(=O)O[C@H]1OC(=O)c2ccc(CC3CCCC(C)(C)C3)c(C(C)=O)c21
MTP_16_F3.0,CCC(C)C(=O)NC(=N)N
MTP_16_F7.0,C/C=C1\[C@@H](OC(C)=O)C[C@H]2[C@@H]3CC=C4[C@@H](O)[C@@H](O)[C@@H]5C[C@]4(C(=O)O5)[C@H]3CC[C@]12C
MTP_16_F9.0,CC(=O)O[C@@H]1OC(=O)c2ccc([C@@]3(C)CCCC(C)(C)C3)c(C(C)=O)c21
MTP_16_G2.0,CNCCOC(=O)/C=C1\CC[C@H]2[C@@H]([C@@H](O)C(=O)[C@@H]3[C@]2(C)CC[C@H](OC(C)=O)[C@]3(C)C(=O)OC)[C@H]1C
MTP_16_H10.0,O=C1C=C(SSC2=CC(=O)C(Br)=C[C@]23C=CNC2=C3C3=NCCc4c[nH]c(c43)C2=O)[C@@]2(C=CNC3=C2C2=NCCc4c[nH]c(c42)C3=O)C=C1Br
MTP_16_H12.0,C/C=C(\NC(=O)[C@@H](CO)NC(=O)/C(C)=C/C=C/C(C)=C/C(C)CC)C(=O)N[C@H](C(=O)N[C@H](C(=O)N[C@H]1C(=O)N[C@H](COC)C(=O)NCC(=O)N[C@@H](C)C(=O)N(C)[C@@H]([C@@H](C)O)C(=O)N[C@H]([C@H](OC)c2ccc(O)cc2)C(=O)N2CCC[C@H]2C(=O)O[C@@H]1C(C)C)[C@@H](C)[C@@H](C)C(N)=O)[C@H](C)N
MTP_17_A10.0,COc1c(C)c2c(c(O)c1CCC(C)C(=O)O)C(=O)OC2
MTP_17_A3.0,O=C(O)CC(O)(Cc1ccc(O)cc1)C(=O)O
MTP_17_A5.0,COc1cc(C(O)CCc2ccc(O)cc2O)ccc1O
MTP_17_A7.0,C/C=C(\NC(=O)[C@@H](CO)NC(=O)[C@@](C)(O)[C@H](O)C=CC(C)=C[C@H](C)CC)C(=O)N[C@H](C(=O)N[C@H](C(=O)N[C@H]1C(=O)N[C@H](COC)C(=O)NCC(=O)N[C@@H](C)C(=O)N(C)[C@@H]([C@@H](C)O)C(=O)N[C@H]([C@H](OC)c2ccc(O)cc2)C(=O)N2CCC[C@H]2C(=O)O[C@@H]1C(C)C)[C@@H](C)[C@@H](C)C(N)=O)[C@H](C)N
MTP_17_A8.0,CC1(C)C2CC34CCCN3C(=O)C2(CC12Nc1ccccc1C2=O)NC4=O
MTP_17_A9.0,COc1c(C)c2c(c(O)c1C/C=C(\C)CCC(=O)O)C(=O)OC2
MTP_17_B11.0,COC(=O)/C=C1/C=C2C[C@H](OP(=O)(O)O)[C@@H](C)C[C@H](C)C(=O)O[C@H](c3coc(/C=C(/C)[C@@H](C)OC)n3)CC[C@H](C)[C@@H](O)C[C@H](C1)O2
MTP_17_B3.0,C1CCC[C@H]2CCCN3CC[C@@H](CCCCCC[C@@H]4CCCN5CC[C@@H](CC1)O[C@@H]45)O[C@@H]23
MTP_17_B5.0,CCCCCCCCC[C@@H](O)CC(=O)N[C@@H](CC(N)=O)C(=O)N[C@@H](CCC(N)=O)C(=O)N[C@@H](CC(=O)c1cc(C)cc(O)c1C(=O)c1c(O)cccc1O)CC(C)C
MTP_17_B6.0,O=c1c2ccccc2c(=O)c2c1sc1c(=O)c3ccc(O)cc3c(=O)c12
MTP_17_C4.0,C=C1C[C@@H]2C[C@H](OP(=O)(O)O)[C@@H](C)C[C@H](C)C(=O)O[C@H](c3coc(/C=C(/C)[C@@H](C)OC)n3)C[C@@H](OC)C[C@@H](O)C[C@H](C1)O2
MTP_17_C7.0,C[n+]1ccc2c(c1)c(O)c1c3c(c4cc(Br)ccc4nc32)C(=O)C[N+]1(C)C
MTP_17_C8.0,COC(=O)/C=C1/C=C2C[C@H](OP(=O)(O)O)C(C)CC(C)C(=O)OC(c3coc(/C=C(/C)C(C)OC)n3)C/C=C(\C)C(O)CC(C1)O2
MTP_2_A12.0,C[C@@H]1NC(=O)C([C@@H](C)O)NC(=O)[C@H](Cc2ccc(O)cc2)NC(=O)[C@@H]2CCCN2C(=O)[C@@H](Cc2ccc(O)cc2)NC(=O)[C@H](CCCNC(=N)N)NC(=O)[C@@H]2CCCN2C(=O)[C@H](CC(N)=O)NC1=O
MTP_2_B10.0,CC[C@H]1C=CCC[C@@]2(C[C@@H]3CC[C@@H]4[C@H](C(=O)OCCCCCCCCCCCCCCCC(=O)N(CCCN)C[C@@H](O)CCN)[C@]5(CCC[C@@H](C)O5)N=C(N2)N34)O1
MTP_2_B12.0,CC[C@H](C)[C@H](NC(=O)[C@@H](NC(=O)[C@H](CO)NC(=N)N)[C@@H](C)CC)[C@@H](CC(=O)N1CCC[C@H]1[C@H](O)[C@@H](C)C(=O)N[C@H](C(=O)O)[C@H](O)c1ccccc1)OC
MTP_2_B2.0,CC(=O)O[C@H]1CC[C@@]2(C)[C@@H](CC[C@]3(C)/C(=C(C)\C=C\C=C(/C)c4ccc(C)c(=O)o4)C(=O)C[C@@H]23)C1(C)C
MTP_2_B4.0,c1ccc2c(c1)[nH]c1c3[nH]c4ccccc4c4ccnc(c5nccc2c51)c43
MTP_2_B9.0,C/C1=C/C(=O)O[C@@H]2CC(CC[C@H](C)/C=C\C=C\CC1)O[C@@](O)(C1CSC(=O)N1)C2
MTP_2_C6.0,CC(C)=CCC[C@]1(C)[C@@H](CC=C(C)C)C[C@]2(CC=C(C)C)C(=O)[C@@]1(CC=C(C)C)C(=O)C(C(=O)c1ccc(O)c(O)c1)=C2O
MTP_2_C9.0,Cc1cc(=O)oc2c3c(c4c(c12)O[C@@H](C)[C@@H](C)[C@H]4O)OC(C)(C)C=C3
MTP_2_D7.0,C#C[C@H](O)/C=C/CCCCCCCCC/C=C\C#CCCCCCCCCCC#CC#CC#CCO
MTP_2_D8.0,CC1(C)C=Cc2cc(C3COc4cc(O)ccc4C3=O)ccc2O1
MTP_2_E4.0,C/C1=C/C(=O)O[C@@H]2CC(CC[C@H](C)/C=C\CC1)O[C@@](O)(C1CSC(=O)N1)C2
MTP_2_E8.0,Cn1cc2c3c1C(=O)C(N)=C(Cl)C3=NCC2
MTP_2_E9.0,CC(C)=CCOc1c(CC=C(C)C)c(=O)[nH]c2ccccc12
MTP_2_F12.0,CCCc1cc(=O)oc2c3c(c4c(c12)OC(C)(C)C=C4)O[C@H](C)C(C)=C3
MTP_2_F3.0,CCCc1cc(=O)oc2c3c(c4c(c12)OC(C)(C)C=C4)O[C@H](C)[C@@H](C)[C@H]3OC
MTP_2_F5.0,C[C@@H]1[C@H](O)c2c(c3c(c4c(-c5ccccc5)cc(=O)oc24)OC(C)(C)C=C3)O[C@@H]1C
MTP_2_F7.0,CC(=O)OC1C(C)OC(Oc2c(-c3ccc(O)cc3)oc3cc(O)cc(O)c3c2=O)C(O)C1OC(C)=O
MTP_2_G12.0,CCCc1cc(=O)oc2c3c(c4c(c12)OC(C)(C)C=C4)O[C@@H](C)[C@H](C)[C@@H]3N=[N+]=[N-]
MTP_2_G9.0,CC(C)=CCc1c(O)ccc(C2COc3cc(O)ccc3C2=O)c1O
MTP_2_H11.0,CN1CCCCC1c1c(O)cc(O)c2c(=O)cc(-c3ccccc3)oc12
MTP_2_H12.0,CCCc1cc(=O)oc2c3c(c4c(c12)OC(C)(C)CC4)O[C@@H](C)[C@H](C)[C@@H]3N
MTP_2_H2.0,CCCCCCCC/C=C\CCCCCCCC1(O)CC(=O)C=C[C@@H]1O
MTP_2_H5.0,Cc1cc(=O)oc2c3c(c4c(c12)OC(C)(C)C=C4)O[C@H](C)[C@@H](C)[C@@H]3O
MTP_2_H7.0,C/C1=C\CC(C)(C)/C=C/C(=O)/C(C)=C/CC1
MTP_3_A10.0,CC1NC(=O)c2csc(n2)C(C)NC(=O)C2N=C(OC2C)C(Cc2ccccc2)NC(=O)c2csc1n2
MTP_3_A3.0,CC(=O)[O-].COc1ccc2[nH]c3c(C)c4cc[n+](C)cc4c(C)c3c2c1
MTP_3_A4.0,CCC(C)C1C(=O)OC(C(C)C)C(=O)N(C)C(C(C)C)C(=O)OC(C(C)C)C(=O)N(C)C(C(C)C)C(=O)OC(C(C)C)C(=O)N1C
MTP_3_A6.0,Cc1ccc(OCC2Cc3ccccc3C(=O)O2)c(C)c1
MTP_3_A9.0,CCC/C=C\CC1=C2[NH+]=C(N)N[C@H]3CC[C@@H](C[C@@H]1C)[C@@H]23
MTP_3_B10.0,CC1NC(=O)c2csc(n2)C(C)NC(=O)C(C(C)O)NC(=O)C(Cc2ccccc2)NC(=O)c2csc1n2
MTP_3_B2.0,CCCc1cc(=O)oc2c3c(c4c(c12)OC(C)(C)C=C4)O[C@@H](C)[C@H](C)[C@@H]3S
MTP_3_B3.0,COc1ccc2[nH]c3c(C)c4ccncc4c(C)c3c2c1
MTP_3_B4.0,CC(C)C1OC(=O)C(C(C)C)N(C)C(=O)C(C(C)C)OC(=O)C(C(C)C)N(C)C(=O)C(C(C)C)OC(=O)C(C(C)C)N(C)C1=O
MTP_3_B6.0,CC1OC(O[C@H]2CC[C@]3(C=O)C4CC[C@]5(C)[C@@H](C6=CC(=O)OC6)CC[C@]5(O)[C@@H]4CC[C@]3(O)C2)C(O)C(O)C1O
MTP_3_B9.0,C=CC(C)=CCC1(C)C(C)C(O)C(OC(=O)C=CC=CCCCCC)C23C(=CC(O)CC12)C(OC(C)=O)OC3OC(C)=O
MTP_3_C11.0,C=CC(C)(CC/C=C(\C)CCC=C(C)C)c1cc(O)c(O)c(-c2cc(C(C)(C=C)CC/C=C(\C)CCC=C(C)C)cc(O)c2O)c1
MTP_3_C12.0,C/C1=C\[C@H](C)C[C@H](C)OC(=O)CC(c2ccc(O)cc2)NC(=O)[C@@H](Cc2c(Br)[nH]c3ccccc23)N(C)C(=O)[C@H](C)NC(=O)[C@@H](C)C1
MTP_3_C5.0,OC[C@H]1O[C@@H](O[C@H](CCCCc2ccc(O)c(O)c2)CCc2ccc(O)c(O)c2)[C@H](O)[C@@H](O)[C@@H]1O
MTP_3_D11.0,CC1(C)CC(C2(O)C=CC(=O)CC2)CCC1Br
MTP_3_D12.0,CO[C@@H](CC[C@H](C)[C@H]1O[C@]23C[C@H](OC(=O)C[C@H]([C@@H](C)O)OC(=O)CC(=C(C)CC2(C)C)O3)[C@@H]1C)c1cccc(O)c1
MTP_3_D6.0,Cc1cn(C2CC(O)C(CO)O2)c(=O)[nH]c1=O
MTP_3_D9.0,CC(O)C#CC#CC#CC#CCCCCCCCC(=O)O
MTP_3_E10.0,CCCCCCCCCCCCCC(=O)O[C@H]1CC[C@H](NC(=O)C(OC)[C@H](O)[C@@H](O)[C@H](O)/C=C/C(C)C)C(=O)N(C)C1
MTP_3_E11.0,CN1C(=O)[C@]2(Cc3cn(C45C[C@@]67SS[C@@](CO)(C(=O)N6[C@H]4Nc4ccccc45)N(C)C7=O)c4ccccc34)SS[C@@]1(CO)C(=O)N2C
MTP_3_E5.0,C=C1C(=O)C[C@@H]2[C@H]3CC[C@@H](C)C12CC3(C)C
MTP_3_F10.0,C=C(C)[C@@H]1CC[C@]2(C(=O)O)CC[C@]3(C)[C@H](CC[C@@H]4[C@@]5(C)CC[C@H](O)C(C)(C)[C@@H]5CC[C@]43C)[C@@H]12
MTP_3_F11.0,CC(C)=CCC[C@]1(C)C=Cc2c(ccc3c2C(=O)C(O)=C(C2=C(C4=C(O)C(=O)c5c(ccc6c5C=C[C@@](C)(CCC=C(C)C)O6)C4=O)C(=O)c4c(ccc5c4C=C[C@@](C)(CCC=C(C)C)O5)C2=O)C3=O)O1
MTP_3_F5.0,C=C/C(C)=C/C[C@]1(C)[C@H](C)CC[C@@]23C(=C[C@H](OC(=O)c4ccc(O)cc4)C[C@@H]12)[C@@H](OC(C)=O)O[C@H]3OC(C)=O
MTP_3_F7.0,C=C(C)[C@H]1CC(=O)/C(C)=C/CC/C(C)=C/CC[C@@]2(C)O[C@@H]2C1
MTP_3_F9.0,C=CC/C=C\C/C=C\CCCCCCCc1cccc(O)c1O
MTP_3_G5.0,C=C/C(C)=C/C[C@]1(C)[C@H](C)CC[C@@]23C(=C[C@H](OC(=O)c4ccc(O)c(OC)c4)C[C@@H]12)[C@@H](OC(C)=O)O[C@H]3OC(C)=O
MTP_3_G7.0,CCCCCCCCCCCCCCC[C@@H](O)C[C@H](O)C[C@H](O)C[C@H](O)C[C@H](O)C[C@H]1CC=CC(=O)O1
MTP_3_H2.0,CCCc1cc(=O)oc2c3c(c4c(c12)OC(C)(C)CC4)OC(C)C(C)C3O
MTP_3_H4.0,CC[C@H](C)[C@@H]1NC(=O)[C@H](C(C)C)NC(=O)[C@H](CCCNC(=N)N)NC(=O)[C@@H]2CSSC[C@@H]3NC(=O)[C@H]([C@@H](C)O)NC(=O)[C@@H]4CSSC[C@H](NC(=O)[C@H](Cc5ccccc5)NC(=O)[C@H]([C@@H](C)O)NC(=O)[C@@H]5CCCN5C(=O)[C@H](CC(=O)O)NC(=O)CNC(=O)[C@H](CC(N)=O)NC(=O)[C@H](CCCNC(=N)N)NC(=O)[C@H](CCCCN)NC(=O)[C@H](CSSC[C@H](NC(=O)[C@H](C(C)C)NC(=O)[C@@H]5CCCN5C1=O)C(=O)N[C@@H]([C@@H](C)O)C(=O)N[C@@H](Cc1ccc(O)cc1)C(=O)N[C@@H](CO)C(=O)N[C@@H](C)C(=O)N[C@@H](C)C(=O)N[C@@H](CC(C)C)C(=O)NCC(=O)N4)NC(=O)[C@H](CC(C)C)NC(=O)CNC(=O)[C@H](CC(=O)O)NC(=O)[C@H](CO)NC(=O)[C@H](CCCNC(=N)N)NC(=O)[C@H](CC(=O)O)NC(=O)[C@H](CC(=O)O)NC3=O)C(=O)NCC(=O)N[C@@H](CCC(=O)O)C(=O)N[C@@H]([C@@H](C)O)C(=O)N2
MTP_3_H5.0,C=C/C(C)=C/C[C@]1(C)[C@H](C)CC(OC(=O)c2ccc(O)cc2)[C@@]23C(=C[C@H](OC(C)=O)C[C@@H]12)[C@@H](OC(C)=O)O[C@H]3OC(C)=O
MTP_4_A2.0,O=C(OC[C@H]1O[C@@H](Oc2ccc(O)cc2)[C@H](OC(=O)c2cc(O)c(O)c(O)c2)[C@@H](O)[C@@H]1O)c1cc(O)c(O)c(O)c1
MTP_4_A3.0,O=C(OC[C@H]1O[C@@H](Oc2ccc(O)cc2)[C@H](OC(=O)c2cc(O)c(O)c(O)c2)[C@@H](O)[C@@H]1OC(=O)c1cc(O)c(O)c(O)c1)c1cc(O)c(O)c(O)c1
MTP_4_A4.0,O=C(O[C@H]1[C@H](O)[C@@H](O)[C@H](Oc2ccc(O)cc2)O[C@@H]1CO)c1cc(O)c(O)c(O)c1
MTP_4_A5.0,C[C@@H]1O[C@@H](Oc2c(-c3ccc(O)cc3)oc3cc(O)cc(O)c3c2=O)[C@H](OC(=O)c2cc(O)c(O)c(O)c2)[C@H](O)[C@H]1O
MTP_4_B11.0,COc1cc(C)cc2c(-c3c(O)cc(O)c4c3CC(C)NC4C)cc(-c3cc(-c4c(O)cc(O)c5c4CC(C)NC5C)c4cc(C)cc(OC)c4c3O)c(O)c12
MTP_4_B3.0,O=C(OC[C@H]1O[C@@H](OC(=O)c2cc(O)c(O)c(O)c2)[C@H](OC(=O)c2cc(O)c(O)c(O)c2)[C@@H](O)[C@@H]1O)c1cc(O)c(O)c(O)c1
MTP_4_B6.0,COc1ccc(C2CC(=O)c3c(O)cc(O)c(CC=C(C)C)c3O2)cc1
MTP_4_B7.0,COc1ccc([C@@H]2CC(=O)c3c(O)cc(O)c(CC=C(C)C)c3O2)cc1O
MTP_4_C11.0,CC(C)c1ccc(O)c2c1CC[C@H]1[C@@](C)(C(=O)O)CCC[C@]21C
MTP_4_C2.0,CC(C)=CCc1c(O)c(CC=C(C)C)c2c(c1O)C(=O)C[C@H](c1ccc(O)c(O)c1)O2
MTP_4_C5.0,COc1cc(C)cc2c(-c3c(O)cc(O)c4c3CC(C)N[C@@H]4C)ccc(O)c12
MTP_4_D10.0,CCCCC=CC=CCCCCCCCCC1CCC(C2CCC(CC(=O)O)OO2)O1
MTP_4_D4.0,CC(C)C1OC(=O)C=C2C1=C[C@H]1OC(=O)[C@@]3(C)CCC[C@@]2(C)[C@@H]13
MTP_4_D6.0,CC1(C)CCCC2(C)C1CCC1(C)OC3=CC(=O)C(O)=CC3=CC12
MTP_4_D7.0,C=CCC/C=C\C=C/CCCCCCCCC1CCC([C@@H]2CC[C@@H](CC(=O)O)OO2)O1
MTP_4_D8.0,CCCC/C=C\C=C/CCCCCCCCC1CCC([C@@H]2CC[C@@H](CC(=O)O)OO2)O1
MTP_4_D9.0,C=CCCC=CC=CCCCCCCCCC1CCC(C2CCC(CC(=O)O)OO2)O1
MTP_4_E10.0,COc1cc(O)cc2cc(O)c3c(=O)cc(C)oc3c12
MTP_4_E11.0,CC1OC(OC2C(O)C(OCCc3ccc(O)c(O)c3)OC(CO)C2OC(=O)/C=C/c2ccc(O)c(O)c2)C(O)C(O)C1O
MTP_4_E12.0,C/C=C1/C(OC2OC(CO)C(O)C(O)C2O)OC=C(C(=O)OC)C1CC(=O)OCCc1ccc(O)cc1
MTP_4_E3.0,COC1=C(Br)C[C@]2(OC=C1Br)ON=C(C(=O)NCCCOc1c(Br)cc(CCN)cc1Br)[C@@H]2O
MTP_4_E5.0,COc1ccc(-c2c3n(c4c(=O)oc5cc(OC)c(O)cc5c24)CCc2cc(O)c(OC)cc2-3)cc1O
MTP_4_E6.0,CSC(=N/C=C/c1ccc(OS(=O)(=O)O)cc1)SC.[Na]
MTP_4_E9.0,CCCc1cc(=O)c2c(O)cc3cc(O)cc(OC)c3c2o1
MTP_4_F11.0,CC(=O)[C@H]1CC[C@H]2[C@@H]3CCC4=CC(=O)CC[C@]4(C)[C@H]3CC[C@]12C
MTP_4_F3.0,CC1OC(OC2C(O)C(COC(=O)/C=C/c3ccc(O)c(O)c3)OC(OCCc3ccc(O)c(O)c3)C2O)C(O)C(O)C1O
MTP_4_F4.0,COC1=C(C)[C@@H]2CC(=O)O[C@@H]3C[C@H]4[C@H](C)[C@@H](O)[C@H](O)C(=O)[C@]4(C)[C@@H](C1=O)[C@@]32C
MTP_4_F5.0,COc1cc(O)ccc1CC(C)C(C)Cc1ccc(O)cc1
MTP_4_F9.0,C=C/C=C\C1OCC(/C=C/C=C/C)C1O
MTP_4_G10.0,C/C=C(\C)C(=O)OC1C2C(C=C(C)C3=CC(=O)C(C)(O3)C1O)OC(=O)C2(O)CCl
MTP_4_G2.0,C/C(=C\Cc1c(-c2cc(O)c(O)cc2O)oc2c3c(cc(O)c2c1=O)OC(C)(C)C=C3)CO
MTP_4_G5.0,C=C[C@H]1[C@H](O[C@@H]2O[C@H](CO)[C@@H](O)[C@H](O)[C@H]2O)OC=C2C(=O)N3CCc4cc(O)c(O)cc4[C@H]3C[C@H]21
MTP_4_G6.0,CCC1CN2CCc3cc(OC)c(OC)cc3C2CC1CC1=NCCc2cc(O)c(OC)cc21
MTP_4_G7.0,O=C(NCCSSCCNC(=O)/C(Cc1ccc(O)c(Br)c1)=N/O)/C(Cc1cc(Br)c(O)c(-c2cc(C/C(=N/O)C(=O)NCCSSCCNC(=O)/C(Cc3ccc(O)c(Br)c3)=N/O)cc(Br)c2O)c1)=N\O
MTP_4_H10.0,CCCc1cc(=O)c2c(O)c(OC)c3cc(O)cc(OC)c3c2o1
MTP_4_H11.0,CCCc1cc(=O)c2c(O)c3c(O)cc(OC)cc3c(OC)c2o1
MTP_4_H12.0,COc1c(O)c2c(=O)cc(C)oc2c2c(OC)cc(O)cc12
MTP_4_H2.0,COc1ccc(CC(C)C(C)Cc2ccc(OC)cc2)cc1
MTP_4_H3.0,O=C1C=C2C(=CCOC2O)O1
MTP_4_H4.0,COc1cc(/C=C\C(=O)N2CC=CC2=O)cc(OC)c1OC
MTP_4_H5.0,O=C(c1cc(Br)c(O)c(Br)c1)c1c(-c2cc(Br)c(O)c(Br)c2)c(-c2cc(Br)c(O)c(Br)c2)c(C(=O)c2cc(Br)c(O)c(Br)c2)n1CCc1ccc(O)cc1
MTP_4_H6.0,C1=C/C2C(CC3CCCCC32)NCCCNC2CC3CCCCC3C2/C=C/1.Cl.Cl
MTP_4_H7.0,CC[C@H]1CN2CCc3cc(OC)c(OC)cc3[C@@H]2C[C@@H]1C[C@H]1NCCc2cc(O)c(OC)cc21
MTP_4_H9.0,CCCc1cc(=O)c2c(OC)c(OC)c3cc(O)cc(OC)c3c2o1
MTP_5_A10.0,O=C(OC[C@H]1O[C@@H](Oc2c(-c3ccc(O)cc3)oc3cc(O)cc(O)c3c2=O)[C@H](O)[C@@H](O)[C@@H]1O)c1cc(O)c(O)c(O)c1
MTP_5_A3.0,C=C[C@H]1CC[C@H]2[C@@H]3CCC4=CC(=O)C=C[C@]4(C)[C@H]3CC[C@]12C
MTP_5_A7.0,CC(C)=CCc1c(O)c(CC=C(C)C)c2c(c1O)C(=O)C[C@@H](c1cc(O)cc(O)c1)O2
MTP_5_A9.0,O=C(O[C@H]1[C@H](Oc2ccc(O)cc2)O[C@H](CO)[C@@H](O)[C@@H]1O)c1cc(O)c(O)c(O)c1
MTP_5_B11.0,CCCCCCCC/C=C/C=C/[C@@H](C)N
MTP_5_B2.0,CN[C@@H]1C[C@H]2O[C@@](C)([C@@H]1OC)n1c3c(O)cccc3c3c4c(c5c6cc(O)ccc6n2c5c31)C(=O)NC4
MTP_5_B3.0,CO[C@@H]1[C@H](N)C[C@H]2O[C@]1(C)n1c3c(O)cccc3c3c4c(c5c6ccccc6n2c5c31)C(=O)NC4
MTP_5_B4.0,COC[C@H]1NC(=O)[C@@H](NC(=O)[C@@H](NC(=O)[C@@H](NC(=O)[C@H](NC(=O)[C@H](NC(=O)CC(O)/C=C\C(C)CC(C)C)[C@H](O)C(N)=O)[C@H](O)CC(N)=O)[C@H](C)N)[C@@H](C)[C@@H](C)C(N)=O)[C@@H](C)OC(=O)[C@H](C)N(C)C(=O)[C@@H]([C@H](OC)c2ccc(O)cc2)NC(=O)[C@H](CCC(N)=O)N(C)C(=O)[C@H](CC(C)C)NC(=O)CNC1=O
MTP_5_B5.0,COC[C@H]1NC(=O)[C@@H](NC(=O)[C@@H](NC(=O)[C@@H](NC(=O)[C@@H](NC(=O)CNC(=O)CC(O)/C=C\C(C)CC(C)C)[C@@H](C)O)[C@H](C)N)[C@@H](C)[C@@H](C)C(N)=O)[C@@H](C)OC(=O)[C@H](C)N(C)C(=O)[C@@H]([C@H](OC)c2ccc(O)cc2)NC(=O)[C@H]([C@@H](C)O)N(C)C(=O)[C@H](CC(C)C)NC(=O)CNC1=O
MTP_5_B8.0,C[n+]1cccc(C(=O)[O-])c1
MTP_5_C4.0,C#C[C@H](O)/C=C/CCCCCCCCC/C=C/CCCCCC
MTP_5_C5.0,C#C[C@@H](O)/C=C/CCCCCCCCCCCCCCC
MTP_5_C6.0,C#CC(O)/C=C/CCCCCCCCCCC(C)CCCC
MTP_5_C8.0,C[C@H]1O[C@@H](n2cc(I)c3c(N)ncnc32)[C@H](O)[C@@H]1O
MTP_5_D4.0,CCC(C)(C)[C@H](NC(=O)[C@H](NC(=O)[C@@H]1CCCN1C(=O)C(NC(=O)[C@@H](C)NC=O)C(O)c1ccc(Br)cc1)C(C)(C)C)C(=O)N[C@H](Cc1c[nH]c2ccccc12)C(=O)N[C@@H](CCCNC(=N)N)C(=O)N[C@H](CS(=O)(=O)O)C(=O)N[C@@H]1C(=O)N(C)[C@@H](CCC(N)=O)C(=O)N[C@H](C(C)C)C(=O)N2CCC[C@H]2C(=O)N[C@H](CC(=O)OC)C(=O)O[C@@H]1C
MTP_5_D5.0,O=C1C2=C3C4=[N+](CCc5c[nH]c1c54)C1C(=O)C=C4S[C@@H](CC43C1O)N2
MTP_5_D6.0,CC(C)CCCCCCCCCCCC(=O)O[C@@H](c1cnco1)c1nc([C@@H](O)C[C@@H](O)[C@@H](O)[C@@H](C)O)co1
MTP_5_D7.0,CCCCCCCCCCCCCC(=O)O[C@H]1CC[C@H](NC(=O)[C@H](OC)[C@H](O)[C@@H](O)[C@H](O)/C=C/C(C)C)C(=O)N(C)C1
MTP_5_D8.0,CCCCCCCCCCCCCC(=O)OC1CCC(NC(=O)C(OC)C(O)C(O)C(O)/C=C/C(C)C)C(=O)NC1
MTP_5_F10.0,CC1=C(C)C(=O)O[C@@H]([C@](C)(O)[C@]2(O)CC[C@@]3(O)[C@@H]4C[C@@H](O)[C@@]5(O)CC=CC(=O)[C@]5(C)[C@H]4CC[C@]23C)C1
MTP_5_F12.0,CC1=C(C)C(=O)O[C@@H]([C@](C)(O)[C@]2(O)CC[C@@]3(O)[C@@H]4C[C@H]5O[C@]56[C@@H](O)C=CC(=O)[C@]6(C)[C@H]4CC[C@]23C)C1
MTP_5_F3.0,C1=C/C2C(CC3CCCCC32)NCCCNC2CC3CCCCC3C2/C=C/1
MTP_5_F5.0,COc1cc(O)c2c(=O)c(OC)c(-c3ccc(O)c(OC)c3)oc2c1
MTP_5_F6.0,COc1cc(O)c2c(=O)c(OC)c(-c3ccc(OC)c(O)c3)oc2c1
MTP_5_F8.0,COc1cc(O)c(CC=C(C)C)c(-c2oc3cc(O)cc(O)c3c(=O)c2OC)c1
MTP_5_G10.0,O=C(Cc1ccccc1)c1nccc2c1[nH]c1ccccc12
MTP_5_G4.0,CC1=C(C)C(=O)OC([C@](C)(O)[C@]2(O)CC=C3C4C[C@@H](O)[C@@]5(O)CC=CC(=O)[C@]5(C)C4CC[C@@]32C)C1
MTP_5_G6.0,CSC(=S)N/C=C/c1ccc(OS(=O)(=O)[O-])cc1.[Na+]
MTP_5_G9.0,Brc1ccc2[nH]c3c(C4=NCCC4)nccc3c2c1
MTP_5_H10.0,COc1cc(O)c2c(=O)c(O)c(-c3ccc(OC)c(OC)c3)oc2c1
MTP_5_H2.0,CC(C)CC(C)C(O)C(C)C(=O)O
MTP_5_H5.0,Cn1cc2c3c1C(=O)C(N)=CC3=NCC2
MTP_6_A2.0,COc1cc2c(cc1OC)[C@@H]1C(=O)c3ccc4occc4c3O[C@@H]1CO2
MTP_6_A3.0,COc1cc2c(cc1OC)[C@@H]1C(=O)c3ccc4c(c3O[C@@H]1CO2)C=CC(C)(C)O4
MTP_6_A4.0,COc1cc2c(cc1OC)-c1c(oc3c(ccc4occc43)c1=O)CO2
MTP_6_A6.0,CCCCCCCCCCCCCC(=O)O[C@@H](c1cnco1)c1nc([C@@H](O)C[C@@H](O)[C@@H](O)[C@@H](C)O)co1
MTP_6_A8.0,CC1=C(O)/C(=C/[C@@H](C)CCC/C(C)=C/CC/C(C)=C/CCc2ccoc2)OC1=O
MTP_6_B3.0,CS(=O)CC[C@@H]1NC(=O)C2CCCN2C(=O)C2CCCN2C(=O)[C@H](CCS(C)=O)NC(=O)c2csc(n2)[C@H](Cc2ccccc2)NC(=O)C2CCCN2C1=O
MTP_6_B6.0,C=C1[C@@H](OC(C)=O)C[C@H]2[C@@](C)(CC[C@H]3C(C)(C)CCC[C@]23C)[C@@H]1C[C@H](O)[C@H](CCOC(C)=O)C(C)=O
MTP_6_C4.0,CCCCCC1OC2CCC1NC(=N)N2
MTP_6_C8.0,COc1cc(CCN(C)C)c2c(c1O)SSSSS2
MTP_6_D12.0,COC(=O)C1=CO[C@@H](O[C@@H]2O[C@H](CO)[C@@H](O)[C@H](O)[C@H]2O)[C@@H]2C([C@H]3NCCc4c3[nH]c3ccccc43)=CC[C@H]12
MTP_6_D2.0,Cc1cc(=O)c2c(O)cc(O)c(C3CCN(C)CC3O)c2o1
MTP_6_D3.0,COc1cc2c(c(OC)c1OC)-c1cc3c(cc1C(=O)C1COC(=O)[C@@H]1C2)OCO3
MTP_6_D7.0,C[C@@H]1O[C@@H](O[C@H]2Cc3c(O)cc(O)cc3O[C@@H]2c2ccc(O)cc2)[C@H](O)[C@H](O)[C@H]1O
MTP_6_E10.0,COc1ccc(C[C@H]2COC(=O)[C@@H]2Cc2ccc(OC)c(O)c2)cc1O
MTP_6_E12.0,C[C@@H]1O[C@@H](O[C@@H]2C(=O)c3c(O)cc(O)cc3O[C@H]2c2ccc(O)c(O)c2)[C@H](O)[C@H](O)[C@H]1O
MTP_6_E3.0,O=S(=O)([O-])Oc1cc2c(ccn2S(=O)(=O)[O-])cc1O.[Na+].[Na+]
MTP_6_E4.0,O=S(=O)(O)Oc1cc2c(ccn2S(=O)(=O)O)cc1Oc1c(O)c(OS(=O)(=O)O)cc2c1ccn2S(=O)(=O)O.[Na].[Na].[Na].[Na]
MTP_6_E6.0,O=S(=O)([O-])Oc1cc2c(ccn2S(=O)(=O)[O-])c(Cl)c1O.[Na+].[Na+]
MTP_6_E9.0,CC1OC(Oc2c(-c3cc(O)c(O)c(O)c3)oc3cc(O)cc(O)c3c2=O)C(O)C(O)C1O
MTP_6_F12.0,Oc1cc(Br)cc(Br)c1Oc1ccc(Br)cc1Br
MTP_6_F3.0,CC(C)=CCC[C@@H](C)[C@@H]1CC[C@]2(C)C3=CC[C@H]4C(C)(C)[C@@H](O)CC[C@]4(C)[C@H]3CC[C@@]12C
MTP_6_F5.0,CC(=O)O[C@H]1CC[C@@]2(C)[C@@H](CC[C@]3(C)/C(=C(C)/C=C/C=C(\C)[C@@H](O)CC=C(C)C)C(=O)C[C@@H]23)[C@@]1(C)CO
MTP_6_F7.0,O=c1c(O[C@@H]2O[C@H](CO)[C@H](O)[C@H](O)[C@H]2O)c(-c2ccc(O)c(O)c2)oc2cc(O)cc(O)c12
MTP_6_H10.0,C=C1CC/C=C(\C)CC[C@@H]2C([C@@H](OC(C)=O)[C@H](C=C(C)C)OC(C)=O)=CO[C@H](OC(C)=O)[C@@H]12
MTP_6_H2.0,CN1CCC2=CN=C3C(=O)C(N)=CC1=C23.[H+]
MTP_6_H4.0,C[n+]1ccccc1C(=O)[O-]
MTP_6_H5.0,C/C1=C\[C@@H]2OC(=O)[C@@H](CN(C)C)[C@@H]2CC/C(C)=C/CC/C(C(=O)O)=C/CC1
MTP_6_H9.0,C=C1CC(OC(C)=O)/C=C(/C)CCC2C(C(OC(C)=O)C(C=C(C)C)OC(C)=O)=COC(OC(C)=O)C12
MTP_7_A11.0,Oc1cc(O)cc(/C=C/c2ccc(O)cc2O)c1
MTP_7_A12.0,CC(C)=CCC/C(C)=C/Cc1c(O)cc(/C=C/c2ccc(O)cc2O)cc1O
MTP_7_A3.0,C=C1C[C@@H](O)/C=C(\C)CC[C@@H]2C(C(OC(C)=O)C(C=C(C)C)OC(C)=O)=COC(OC(C)=O)[C@@H]12
MTP_7_B4.0,COc1ccc(-c2oc3cc(O)cc(O)c3c(=O)c2OC)cc1O
MTP_7_B7.0,CCCc1cc(=O)oc2c3c(c4c(c12)OC(C)(C)C=C4)OC(C)[C@H](C)[C@@H]3O
MTP_7_C11.0,C=C/C(C)=C/C[C@]1(C)[C@H](C)[C@@H](O)[C@H](O)[C@@]23C(=C[C@H](OC(=O)/C=C\C=C\CCCCC)C[C@@H]12)[C@@H](OC(C)=O)O[C@H]3OC(C)=O
MTP_7_C5.0,COC(=O)c1cc(Br)c(O)c(Br)c1
MTP_7_F5.0,C=C1C(=O)O[C@H]2C=C(C)CC/C=C(/C(=O)O)CC/C=C(\C)CC[C@@H]12
MTP_7_F6.0,CC(C)=CCC(O)C1=CC(=O)c2c(O)ccc(O)c2C1=O
MTP_7_G9.0,CSC1(CO)C(=O)N(C)C(Cc2ccccc2)(SC)C(=O)N1C
MTP_8_A7.0,COc1cc(/C=C/C(=O)OC[C@H](Cc2ccc(O)c(OC)c2)[C@@H](COC(=O)/C=C/c2ccc(O)c(OC)c2)Cc2ccc(O)c(OC)c2)ccc1O
MTP_8_A9.0,Oc1cc(O)c2c(c1)O[C@H](c1ccc(O)c(O)c1)[C@@H](O)C2
MTP_8_B12.0,OC[C@H]1O[C@@H](Oc2cc(/C=C/c3ccc(O)cc3)ccc2O)[C@H](O)[C@@H](O)[C@@H]1O
MTP_8_B2.0,O=c1ccc2c3c(cc[n+]2[O-])c2ccc(O)cc2n13
MTP_8_B3.0,O=c1ccc2c3c(cc[n+]2[O-])c2c(O)cccc2n13
MTP_8_B6.0,CC1=CC(=O)[C@@H](O)[C@]2(C)[C@H]3[C@@H](O)[C@H](O)[C@]4(C)OC[C@@]35[C@@H](C[C@@H]12)OC(=O)C[C@@H]45
MTP_8_C12.0,CNC1=C/C(=N/CCO)c2ccncc2C1=O
MTP_8_C2.0,Oc1cc(O)c2c(c1)OC(c1cc(O)c(O)c(O)c1)C(O)C2
MTP_8_C3.0,CC(=O)Oc1cc(C(C)C)c(O)cc1C
MTP_8_D10.0,COc1ccc2c(OC)cc(=O)n(C)c2c1OC
MTP_8_D11.0,COc1cc(=O)n(C)c2c(OC)cccc12
MTP_8_D2.0,CNC1=CC(=O)c2ccncc2C1=O
MTP_8_D4.0,CNC1=CC(=N)c2ccncc2C1=O
MTP_8_D7.0,O=C1c2c(O)cc(O)cc2O[C@@H](c2ccc(O)cc2)C1c1c(O)cc(O)c2c(=O)cc(-c3ccc(O)c(O)c3)oc12
MTP_8_D8.0,CCCC(=O)c1c(O)c(CC=C(C)C)c(O)c2c([C@@H](O)CC)cc(=O)oc12
MTP_8_E11.0,O=C1C=C(c2cc(Br)c(O)c(Br)c2)/C(=C/c2ccc(O)cc2)O1
MTP_8_E12.0,O=C1O/C(=C\c2ccc(O)cc2)C(c2cc(Br)c(O)c(Br)c2)=C1Cl
MTP_8_F10.0,O=C1C(NC2Cc3cc(Br)c(O)cc3S2)=CC2=NCCc3c[nH]c1c32
MTP_8_F3.0,CC(C)[C@H](C)/C=C/[C@@H](C)[C@H]1CCC2[C@@]34C=C[C@]5(C[C@@H](O)CC[C@]5(C)C3CC[C@@]21C)OO4
MTP_8_F4.0,CC[C@H](/C=C/[C@@H](C)[C@H]1CCC2[C@@]34C=C[C@]5(C[C@@H](O)CC[C@]5(C)C3CC[C@@]21C)OO4)C(C)C
MTP_8_F5.0,C=C1C(=O)O[C@]2(C)CC[C@@H]1C[C@H](O)[C@@]1(C)CC[C@H](O1)[C@](C)(O)CCC2=O
MTP_8_F6.0,COC1/C=C(C)/C=C/C(C)C=C(C)C(=O)OC(/C(C)=C/C=C(\C)CNC(=O)[C@@H](CO)NC=O)C(C)/C=C/C=C/C(OC)CC/C=C(C)/C=C/C1
MTP_8_F7.0,COC1/C=C(C)/C=C/C(C)/C=C/C(=O)OC(/C(C)=C/C=C(\C)CNC(=O)[C@@H](CO)NC=O)C(C)/C=C/C=C/C(OC)CC/C=C(C)/C=C/C1
MTP_8_F8.0,CN(C)CCCOc1c(Br)cc(/C=C/C(=O)N(C)CCCOc2c(Br)cc(CCN(C)C)cc2Br)cc1Br
MTP_8_F9.0,O=C1C2=C(C3=NCCc4c[nH]c1c43)C1(C=C(Br)C(O)C(Br)=C1)CCN2
MTP_8_G5.0,CC(C)(O)C1CC2=C(O1)C(=O)c1ccccc1C2=O
MTP_8_G6.0,CC(C)=CC[C@]12O[C@H]1C(=O)c1cccc(O)c1C2=O
MTP_8_H10.0,CC(C)=C1CCN2[C@@H]1C[C@@H](C)[C@H]1[C@@H]2C[C@H]2C3=CC[C@H]4C[C@H](N(C)C)CC[C@]4(C)C3CC[C@]12C
MTP_8_H12.0,CC(=O)O[C@H]1[C@H](N)CC[C@]2(C)C3CC[C@]4(C)C([C@H](C)CC5NCCC5=C(C)C)CC[C@H]4C3=CC[C@@H]12
MTP_9_A10.0,C=C[C@H]1CC[C@H]2[C@@H]3CC[C@H]4CC(=O)C=C[C@]4(C)[C@H]3CC[C@]12C
MTP_9_A11.0,C#CC(O)/C=C/CCCCCCCCCCCCCC(C)C
MTP_9_A12.0,C#C[C@@H](O)/C=C/CCCCCCCCCCCCCCCC
MTP_9_A2.0,CC(C)C1CCN(C)C1C[C@@H](C)[C@H]1CC[C@H]2C3=CC[C@H]4[C@H](N)C=CC[C@]4(C)[C@H]3CC[C@]12C
MTP_9_B10.0,C#CC(O)/C=C/CCCCCCCCCCCCCCC
MTP_9_C12.0,CC1=CCC[C@@H]2[C@@](C)(CC/C(C)=C/Cn3c[n+](C)c4ncnc(N)c43)[C@H](C)CC[C@@]12C
MTP_9_C5.0,COc1ccc(-c2oc3cc(O)c(OC)cc3c(=O)c2OC)cc1O
MTP_9_C7.0,CCCCCCCCCCCCCC/C=C/CCCC(=O)OC
MTP_9_D11.0,COc1cc(/C=C/C(=O)NCCc2ccc(O)c(OC)c2)ccc1O
MTP_9_D12.0,O=C(/C=C/c1ccc(O)cc1)OC[C@H]1O[C@@H](Oc2c(-c3ccc(O)cc3)oc3cc(O)cc(O)c3c2=O)[C@H](O)[C@@H](O)[C@@H]1O
MTP_9_D3.0,CC(CCOc1c2ccoc2cc2oc(=O)ccc12)C1=CC(=O)C(C)(C)O1
MTP_9_D6.0,O=C(CCc1ccc(O)cc1)c1ccc(O[C@@H]2O[C@H](CO)[C@@H](O)[C@H](O)[C@H]2O)cc1O
MTP_9_E11.0,CC1(C)C[C@@](O)(C[C@@H]2CC[C@]34C(=O)O[C@@](C)(CC[C@@H]3Br)[C@@H]24)CC[C@@H]1Br
MTP_9_E2.0,CC(=O)OC(C)(C)/C=C/C(=O)[C@](C)(O)C1[C@H](O)C[C@@]2(C)C3CC=C4C(C[C@H](O)C(=O)C4(C)C)[C@]3(C)C(=O)C[C@]12C
MTP_9_E3.0,C[C@H]1CC[C@@H]2OC(C)(C)CCC[C@@]2(C)[C@]1(O)CCCCC1(C)CC2(O)CCC1C(C)(C)C2Cc1cc(OS(=O)(=O)O)ccc1O
MTP_9_E4.0,CC1(C)C(=O)C=C[C@@]2(C)C1CC(O)[C@]1(C)C2CCC2(C)[C@H](c3ccoc3)OC(=O)[C@H]3O[C@]321
MTP_9_E7.0,C=C1CC/C=C(/C)C(=O)C[C@@H]2[C@@H]1CC2(C)C
MTP_9_E8.0,C=C1CC/C=C(\C)C(=O)C[C@@H]2[C@@H]1CC2(C)C
MTP_9_E9.0,O=C(O[C@H]1C[C@](O)(C(=O)O)C[C@H](OC(=O)c2cc(O)c(O)c(O)c2)[C@H]1OC(=O)c1cc(O)c(O)c(O)c1)c1cc(O)c(O)c(O)c1
MTP_9_F3.0,CNCCCOc1c(Br)cc(CCNC(=O)/C(Cc2ccc(OC)c(Br)c2)=N/O)cc1Br
MTP_9_F4.0,CNCCCOc1c(Br)cc(CCNC(=O)/C(Cc2cc(Br)c(OC)c(Br)c2)=N/O)cc1Br
MTP_9_H12.0,CC(C)C1=C[C@@]2(CC[C@@](C)(NC=O)C2)[C@@H](C)CC1
Naamidine D.0,COc1ccc(Cc2[nH]c(=NC3=NC(=O)N(C)C3=O)[nH]c2Cc2ccc(OC)cc2)cc1
NP5_1_A11.0,CC12C(=O)C=CCC1=CCC1C2CCC2(O)C(=O)OC3(C)C4CC5(C)C(COC16OC23C5C6=O)C(=O)O4
NP5_1_A12.0,CC(=O)O[C@H]1C(=O)[C@@]2(C)[C@H]([C@H](OC(=O)c3ccccc3)[C@@]3(O)C[C@H](O)C(C)=C1C3(C)C)[C@]1(OC(C)=O)CO[C@@H]1C[C@@H]2O
NP5_1_A3.0,C=C1C(=O)OC2CC3(C)OC3CC/C(C)=C/C(OC(C)=O)C12
NP5_1_A4.0,CCCCCc1cc(O)cc2c1Oc1cc(O)cc(C(=O)CCCC)c1C(=O)O2
NP5_1_A6.0,CC[C@]1(O)C[C@H]2CN(CCc3c([nH]c4ccccc34)[C@@](C(=O)OC)(c3cc4c(cc3OC)N(C=O)[C@H]3[C@@](O)(C(=O)OC)[C@H](OC(C)=O)[C@]5(CC)C=CCN6CC[C@]43[C@@H]65)C2)C1.O=S(=O)(O)O
NP5_1_B1.0,CC(C)c1ccc2c(c1)CC[C@H]1[C@](C)(C(=O)O)CCC[C@]21C
NP5_1_B2.0,CO[C@@H]1[C@H](O)CC[C@]2(CO2)[C@H]1[C@@]1(C)O[C@@H]1CC=C(C)C
NP5_1_B8.0,COc1cc([C@@H]2c3cc4c(cc3[C@@H](OC3OC5CO[C@@H](c6cccs6)OC5C(O)C3O)[C@H]3COC(=O)[C@H]23)OCO4)cc(OC)c1O
NP5_1_C1.0,Cc1c2oc3c(C)ccc(C(=O)N[C@@H]4C(=O)N[C@H](C(C)C)C(=O)N5CCC[C@H]5C(=O)N(C)CC(=O)N(C)[C@@H](C(C)C)C(=O)O[C@H]4C)c3nc-2c(C(=O)N[C@@H]2C(=O)N[C@H](C(C)C)C(=O)N3CCC[C@H]3C(=O)N(C)CC(=O)N(C)[C@@H](C(C)C)C(=O)O[C@H]2C)c(N)c1=O
NP5_1_C12.0,C[C@@H]1C(=O)C[C@H]2C(C)(C)CCC[C@]2(C)[C@@]1(O)CCc1ccoc1
NP5_1_C2.0,CN1CCc2cc3c(cc2C(=O)Cc2ccc4c(c2C1)OCO4)OCO3.[Cl-]
NP5_1_C4.0,COc1ccc2c(c1O)-c1c(OC)c(OC)cc3c1C(C2)N(C)CC3
NP5_1_D12.0,COC(=O)NC1C(C)OC(OC2C/C=C(/C)C3C=CC4C(OC5CC(OC6CCC(OC7CC(O)C(OC8CCC(O)C(C)O8)C(C)O7)C(C)O6)C(OC(C)=O)C(C)O5)C(C)CC(C)C4C3(C)/C(O)=C3/C(=O)OC4(CC(C=O)=CC(O)C4/C=C\2C)C3=O)CC1(C)[N+](=O)[O-]
NP5_1_D2.0,COc1cccc2c1cc([N+](=O)[O-])c1c(C(=O)O)cc3c(c12)OCO3
NP5_1_D3.0,O=P1(N(CCCl)CCCl)NCCCO1
NP5_1_D9.0,CCC1NC(=O)C(NC(=O)c2ncccc2O)C(C)OC(=O)C(c2ccccc2)NC(=O)C2CC(=O)CCN2C(=O)C(Cc2ccccc2)N(C)C(=O)C2CCCN2C1=O
NP5_1_E10.0,CC(=O)O[C@@H]1[C@@H](O)C2=C3[C@]4(C)[C@@H]1C(C)(C)C(=O)C[C@@H]4[C@]3(O)[C@H](OC(C)=O)[C@@]1(C[C@@H]1C)C2=O
NP5_1_E11.0,C=C1C(C)C2C(Cc3ccccc3)NC(=O)C23C(OC(C)=O)/C=C/C(C)(O)CC(C)C/C=C/C3C1O
NP5_1_E4.0,CC1CCC2C(C)C3C(CC4C5CC=C6CC(OC7OC(CO)C(O)C(OC8OC(CO)C(O)C(O)C8O)C7OC7OC(C)C(O)C(O)C7O)CCC6(C)C5CCC43C)N2C1.[Cl-]
NP5_1_F1.0,COc1ccc2c(c1OC)C(=O)O[C@@H]2[C@H]1c2c(cc3c(c2OC)OCO3)CCN1C
NP5_1_F12.0,CC1Oc2cc3c(-c4c(O)cc(O)c5c(O)c6c(cc45)OC(C)C(C)C6=O)c(O)cc(O)c3c(O)c2C(=O)C1C
NP5_1_F2.0,CN(C)[C@@H]1C(O)=C(C(N)=O)C(=O)[C@@]2(O)C(O)=C3C(=O)c4c(O)ccc(Cl)c4[C@@](C)(O)[C@H]3C[C@@H]12.[Cl-]
NP5_1_F9.0,CCC1OC(=O)C(C)C(OC2CC(C)(O)C(O)C(C)O2)C(C)C(O)C(C)(O)CC(C)C(=O)C(C)C(O)C1C
NP5_1_G1.0,COc1ccc(C(=O)O[C@H]2CC[C@@]3(C)[C@@H]4CC[C@H]5[C@]6(O)C[C@H](O)[C@@]7(O)[C@@H](CN8C[C@@H](C)CC[C@H]8[C@@]7(C)O)[C@]6(O)C[C@@]53O[C@]24O)cc1OC
NP5_1_G11.0,C[C@H](N)C(=O)N[C@@H]1[C@H]2C(=C(O)C[C@@H](O)[C@@H]2O)C(=O)O[C@]1(C)C(Cl)Cl
NP5_1_G2.0,CC[C@](C)(O)C(=O)O[C@H]1C(=O)O[C@@H]2C[C@H]3C(C)=C[C@H](O)[C@@H](O)[C@]3(C)[C@H]3[C@@]4(O)OC[C@]32[C@@H]1[C@@H](C)[C@H]4O
NP5_1_G3.0,COc1c(O)cc2oc3cc(O)c(CC=C(C)C)c(O)c3c(=O)c2c1CC=C(C)C
NP5_1_H10.0,C=C(NC(=O)C(=C)NC(=O)c1csc(C2=NC3c4csc(n4)C4NC(=O)c5csc(n5)C(C(C)(O)C(C)O)NC(=O)C5CSC(=N5)/C(=C/C)NC(=O)C(C(C)O)NC(=O)c5csc(n5)C3(CC2)NC(=O)C(C)NC(=O)C(=C)NC(=O)C(=C)NC(=O)C(C(C)C)NC2C=Cc3c(C(C)O)cc(nc3C2O)C(=O)OC4C)n1)C(N)=O
NP5_1_H11.0,CC[C@@H](C)[C@@H]1NC(=O)C(NC(=O)C(CC(C)C)N(C)C(=O)C2CCCN2C(=O)C(C)O)C(C)OC(=O)C(Cc2ccc(OC)cc2)N(C)C(=O)C2CCCN2C(=O)C(CC(C)C)NC(=O)C(C)C(=O)C(C(C)C)OC(=O)C[C@H]1O
NP5_1_H2.0,N#C[C@H](OC1OC(COC2OC(CO)C(O)C(O)C2O)C(O)C(O)C1O)c1ccccc1
NP5_1_H3.0,COc1ccc(C2CC(=O)c3c(O)cc(OC4OC(CO)C(O)C(O)C4OC4OC(C)C(O)C(O)C4O)cc3O2)cc1O
NP5_1_H7.0,CC(C)CC1NC(=O)C(C(C)C)NC(=O)CC(C)COC(=O)C(CC(C)C)N(C)C(=O)C(C(C)C)NC(=O)C(C(C)C)OC1=O
NP5_1_H8.0,C=C1C(=O)O[C@@H]2[C@H]3O[C@]3(C)CC/C=C(/C)CC[C@@H]12
NP5_1_H9.0,CO[C@H]1C[C@@H]2CC[C@@H](C)[C@@](O)(O2)C(=O)C(=O)N2CCCC[C@H]2C(=O)O[C@H]([C@H](C)C[C@@H]2CC[C@@H](O)[C@H](OC)C2)CC(=O)[C@H](C)/C=C(\C)[C@@H](O)[C@@H](OC)C(=O)[C@H](C)C[C@H](C)/C=C/C=C/C=C/1C
NPSG_1_A1.0,O=C([O-])C(F)(F)F.O=C1C(Br)=CC2(C=C1Br)CCNC1=C2C2=[NH+]CCc3c(Br)[nH]c(c32)C1=O
NPSG_1_A10.0,CC1=CC(=O)[C@@H](O)[C@]2(C)[C@H]3[C@@H](O)[C@H](O)[C@]4(C)OC[C@@]35[C@@H](C[C@@H]12)OC(=O)[C@H](O)[C@]54O
NPSG_1_A11.0,COC(=O)[C@@]12OC[C@]34[C@H]([C@@H](O)[C@@H]1O)[C@@]1(C)CC(=O)C(O)=C(C)[C@@H]1C[C@H]3OC(=O)[C@H](OC(=O)C=C(C)C)[C@@H]24
NPSG_1_A12.0,CC1COC2=C1C(=O)C(=O)c1c2ccc2c1CCCC2(C)C
NPSG_1_A2.0,Cc1cccc2c3c(ccc12)C1=C(C(=O)C3=O)C(C)CO1
NPSG_1_A3.0,C=C[C@@]1(C)CC=C2C(CCC3C(C)(C(=O)O)CCC[C@@]23C)C1
NPSG_1_A4.0,C=C1CC[C@@H]2C(C)(C)CCC[C@@]2(C)[C@@H]1CC/C(C)=C/Cn1c[n+](C)c2ncnc(N)c21
NPSG_1_A5.0,O=C([O-])C(F)(F)F.O=C([O-])C(F)(F)F.c1cc2c[n+](c1)CCCCCCc1ccc[n+](c1)CCCCCC2
NPSG_1_A6.0,O=C([O-])C(F)(F)F.c1cc2c[n+](c1)CCCCCCCC2
NPSG_1_A7.0,COc1cccc2c1cc(N)c1c(C(=O)O)cc3c(c12)OCO3
NPSG_1_A8.0,COc1cc(O)cc2c1cc([N+](=O)[O-])c1c(C(=O)O)cc3c(c12)OCO3
NPSG_1_A9.0,COC(=O)[C@@]12OC[C@]34[C@H]([C@@H](O)[C@@H]1O)[C@@]1(C)CC(=O)C(O)=C(C)[C@@H]1C[C@H]3OC(=O)[C@H](OC(=O)/C=C(\C)C(C)(C)OC(C)=O)[C@@H]24
NPSG_1_B1.0,Cc1ccc(C(C)CCCC(C)(C)O)c(O)c1
NPSG_1_B10.0,C/C=C1\C([C@@]2(C)CCCC(C)(C)C2)=C[C@H](O)[C@H]2[C@H](OC(C)=O)O[C@H](OC(C)=O)[C@@H]12
NPSG_1_B11.0,CC(=O)O[C@@H]1OC=C2[C@@H](OC(C)=O)CC3[C@]4(C)CCC5C(C)(C)CCC[C@]5(C)C4C[C@@H](O)[C@]3(C)[C@H]21
P25677.0,[C-]#[N+][C@@]12CCC(=C)[C@H]3[C@H](CC(C)(C)NC=O)C[C@H](C)[C@@H](CC[C@@H]1C)[C@@H]32
NPSG_1_B2.0,Cn1cc2c3c1C(=O)C(=O)C=C3NCC2.O=C([O-])C(F)(F)F
NPSG_1_B3.0,CCCCCCCCCCCCC/C=C/C1=NC1C(=O)O
NPSG_1_B6.0,O=C([O-])C(F)(F)F.O=C1c2ccccc2-[n+]2ccc3c([nH]c4ccccc43)c21
NPSG_1_B7.0,C/C=C1\C([C@@]2(C)CCCC(C)(C)C2)=CC[C@H]2[C@H](OC(C)=O)O[C@H](OC(C)=O)[C@@H]12
NPSG_1_B8.0,CC(=O)O[C@H]1O[C@H]2O[C@H]3OC(=O)/C(=C\CC4(OC(C)=O)CCCC(C)(C)C4)[C@H]3[C@H]2[C@@H]1OC(C)=O
NPSG_1_B9.0,CC(=O)O[C@H]1O[C@H]2O[C@H]3OC(=O)/C(=C\C4CCCC(C)(C)C4)[C@H]3[C@H]2[C@@H]1OC(C)=O
NPSG_1_C1.0,O=C1C=CCC(c2ccccc2)O1
NPSG_1_C10.0,CC1=C(Cc2cc(O)ccc2O)[C@@]2(C)CCCC(C)(C)C2CC1
NPSG_1_C11.0,CN[C@@H]1C[C@H]2O[C@@](C)([C@@H]1OC)n1c3ccccc3c3c4c(c5c6ccccc6n2c5c31)C(=O)NC4
NPSG_1_C12.0,Cc1coc2c1C(=O)C(=O)c1c-2ccc2c(C)cccc12
NPSG_1_C2.0,C/C1=C/C(=O)OC2C[C@@H](CC[C@H](C)/C=C\C=C\CC1)O[C@@](O)([C@@H]1CSC(=O)N1)C2
NPSG_1_C3.0,Cn1cc2c3c1C(=O)C(N)=CC3=[NH+]CC2.O=C([O-])C(F)(F)F
NPSG_1_C4.0,Cn1cc2c3c1C(=O)C(N/C=C/c1ccc(O)cc1)=CC3=[NH+]CC2.O=C([O-])C(F)(F)F
NPSG_1_C5.0,Cn1cc2c3c1C(=O)C(NCCc1ccc(O)cc1)=CC3=[NH+]CC2.O=C([O-])C(F)(F)F
NPSG_1_C6.0,CC[C@@]1(C)CCC[C@@]2(C)C1CC[C@]1(C)C2C[C@H](OC(C)=O)[C@]2(C)C3C([C@H](C)O[C@H]3O)[C@@H](O)CC12
NPSG_1_C7.0,CC(C(=O)O)C1CCC(C)(CCC2(C)C(C)CCC3C(C)(C)CCCC32O)OO1
NPSG_1_C8.0,C=CC(C)(C)O[C@H](C)[C@@H]1NC(=O)[C@H](C(C)C)NC(=O)[C@@H]2CCCN2C(=O)[C@H]([C@@H](C)CC)NC(=O)[C@H]([C@@H](C)CC)NC(=O)[C@@H]2CCCN2C(=O)[C@H]([C@@H](C)CC)NC1=O
NPSG_1_D1.0,CC(=O)O[C@@H]1O[C@@H]2OC(=O)[C@H](C)C3=C([C@@]4(C)CCCC(C)(C)C4)CC[C@@H]1C32
NPSG_1_D4.0,CC1=CC2CC(C)=C(CC[C@]3(C)CC[C@H]([C@@H](C)C(=O)O)OO3)C(C)(C)C2CC1
NPSG_1_D5.0,C=C1C[C@@H](O)/C=C(\C)CCC2C([C@@H](OC(C)=O)[C@H](C=C(C)C)OC(C)=O)=CO[C@H](OC(C)=O)C12
NPSG_1_D6.0,C=C1CC/C=C(\C)CCC2C([C@@H](OC(C)=O)[C@H](C=C(C)C)OC(C)=O)=CO[C@H](OC(C)=O)C12
Palmitic acid 57-10-3.0,CCCCCCCCCCCCCCCC(=O)O
Plakortide V.0,CCCCCCCCC/C=C(/C)C[C@]1(C)C[C@H](C)[C@@H](CC(=O)O)OO1
Plakortide W.0,CCCCCCCC/C=C(/C)C[C@]1(C)C[C@H](C)[C@@H](CC(=O)O)OO1
Scopoletin 92-61-5.0,COc1cc2ccc(=O)oc2cc1O
Vosamidine B.0,[NH2+]=C1NC(=O)[C@]2(N1)Cc1ccc3c(c1)[C@@]1(Cc4ccc(cc4)O)[C@@H](O3)Nc3n1c1cc(Oc4cc2c(O)cc4)c(O)cc1n3
isocaulamidine B.0,Brc1ccc2c(c1)N(C)C1=NC[C@H]([C@@]34[C@@]1(C2)CCN(C3=Nc1c4ccc(c1)Br)C)Cl
isocaulamidine C.0,Brc1ccc2c(c1)N(C)C1=NC[C@H]([C@@]34[C@@]1(C2)[C@@H](Cl)CN(C3=Nc1c4cccc1)C)Cl
Neopetrotaurine C.0,COC1=C(C)C(=O)c2c(C1=O)cn(c(=O)c2NCCS(=O)(=O)Oc1c(C)c(OC)c(c2c1cc(C(=O)OC)[n+](c2)C)O)C
Deoxyamphimedine.0,C[n+]1ccc2c(c1)C(=O)c1c3c2nc2ccccc2c3ccn1
2 bromodeoxyamphimedine.0,C[n+]1ccc2c(c1)C(=O)c1c3c2nc2cc(Br)ccc2c3ccn1
N11675_5_185B_152_86.0,CNCCOC(=O)/C=C/1\CCC2C(C1C)C(=O)CC1C2(C)CCC(C1(C)C(=O)OC)O
N11675_5_185C_162B_47-51.0,C[NH2+]CCOC(=O)/C=C/1\CC[C@H]2[C@H]([C@H]1C)C(=O)C[C@@H]1[C@]2(C)CCC(=O)[C@]1(C)C(=O)OC
N11675_5_185C_176B_34-36.0,CCCC(=O)O[C@H]1CC[C@]2([C@H]([C@@H]1C)C(=O)[C@@H]([C@@H]1[C@@H]2CC/C(=C\C(=O)OCC[NH2+]C)/[C@@H]1C)O)C
C21254_185D_107B_78-88.0,CC(=O)O[C@H]1C[C@H]2CC[C@](OC(=O)C2=C)(C)C(=O)CC[C@@]([C@H]2O[C@]1(C)CC2)(C)O
C21254_185D_114B_53-57.0,CCO[C@H]1CC(=O)[C@@]2(C)CC[C@@H](C(=C)C(=O)O2)C[C@@H]([C@@]2(O[C@H]([C@]1(C)O)CC2)C)O
C21254_185D_85_68-72.0,C/C/1=C\C/C=C(\C)/[C@@H](O)C[C@H]2CC[C@@]([C@H](CC1)O)(C)OC(=O)C2=C
C21254_185D_83_66-68.0,O=C1O[C@]2(C)CC[C@@H](C1=C)C[C@H](O)[C@@]1(C)CC[C@@H]([C@]([C@@H](CC2=O)O)(C)O)O1
C21254_185D_93B_90-91.0,CO[C@@H]1CC(=O)[C@@]2(C)CC[C@@H](C(=C)C(=O)O2)C[C@@H]([C@@]2(O[C@H]([C@]1(C)O)CC2)C)O
C5118_4_51_92_9_185A_111_15-19.0,O=C1C=C[C@@]23C(=C1)S[C@@H](C2)NC1=C3C2=[NH+]CCc3c2c(C1=O)[nH]c3
N11675_185C_179B_11-12.0,C[C@@H]1[C@@]2([H])[C@]([C@]3(CC[C@@H]([C@]([C@]3([H])C([C@@H]2O)=O)(C)C(OC)=O)OC(C4=CC=CC=C4)=O)C)([H])CC/C1=C\C(OCC[N+]([H])([H])C)=O.FC(C([O-])=O)(F)F
C5118_5_185A_169_57-71.0,OC(=O)[C@H](CS[C@H]1[C@H]2C(=O)C=C3[C@]41C[C@H](S3)NC1=C4C3=[N+]2CCc2c3c(C1=O)[nH]c2)N
M5076_3_185B_36_79-82.0,O=C1C(=CC2(C=C1Br)CCNC1=C2C2=[NH+]CCc3c2c(C1=O)[nH]c3C)Br
M5076_3_62_80_185A_58_20-24.0,O=C1C=C2S[C@@H]3C[C@@]2(C=C1Br)C1=C(N3)C(=O)c2c3C1=[NH+]CCc3c[nH]2
Rutin powder.0,C[C@H]1[C@@H]([C@H]([C@H]([C@@H](O1)OC[C@@H]2[C@H]([C@@H]([C@H]([C@@H](O2)OC3=C(OC4=CC(=CC(=C4C3=O)O)O)C5=CC(=C(C=C5)O)O)O)O)O)O)O)O
Tannic acid film.0,C1=C(C=C(C(=C1O)O)O)C(=O)OC2=CC(=CC(=C2O)O)C(=O)OC[C@@H]3[C@H]([C@@H]([C@H]([C@@H](O3)OC(=O)C4=CC(=C(C(=C4)OC(=O)C5=CC(=C(C(=C5)O)O)O)O)O)OC(=O)C6=CC(=C(C(=C6)OC(=O)C7=CC(=C(C(=C7)O)O)O)O)O)OC(=O)C8=CC(=C(C(=C8)OC(=O)C9=CC(=C(C(=C9)O)O)O)O)O)OC(=O)C1=CC(=C(C(=C1)OC(=O)C1=CC(=C(C(=C1)O)O)O)O)O
P28245.0,NC1=NC(C2=CC=C(C=C2)OC)=C(N1C)SSC3=C(C4=CC=C(C=C4)OC)N=C(N3C)N
P50001.0,C1=CC(=CC=C1CCN2C(=C(C(=C2C(=O)C3=CC(=C(C(=C3)Br)O)Br)C4=CC(=C(C(=C4)Br)O)Br)C5=CC(=C(C(=C5)Br)O)Br)C(=O)C6=CC(=C(C(=C6)Br)O)Br)O
P27723.0,BrC1=C(Br)C=C(NC=C2CCN)C2=C1
P26389.0,C[C@]1(O2)CC[C@@]3([H])[C@H](C)CC[C@@]4([H])[C@@H](C)C(O[C@@]2([H])[C@]43OO1)=O
P50000.0,O=C([C@H](N(C(C[C@H](C)C(Cl)(Cl)Cl)=O)C)C[C@@H](C(Cl)(Cl)Cl)C)N[C@H](C1=NC=CS1)C
P25672.0,OC1=CC2=C(C=C([N+]([O-])=O)C3=C2C4=C(OCO4)C=C3C(O)=O)C(OC)=C1